User,Weight,Height,BMI
ID_1,62,165,22.77318640955005
ID_2,67,177,21.38593635289987
ID_3,55,180,16.975308641975307
ID_4,74,172,25.013520822065985
